,Stellar Mass Ratio,Sub1 Mass,Sub1 Stellar Mass,Sub2 Mass,Sub2 Stellar Mass,Physical Separation,Average Distance,Angular Separation [rad],Angular Separation [deg],Projected Separation,Relative LOS Velocity,Relative Velocity
0,0.6190630247620743,17.828901925550156,0.35272206683624274,11.841152000821443,0.21835718959597497,243.88509464599713,55439.43329108423,0.0038292828030225944,0.21940174317522043,212.29352792312702,25.148629372273746,146.54612185218014
1,0.7226321232709011,15.855614048631486,0.44433693058481694,17.026766655119182,0.32109213959618127,262.65535843970105,62551.233349641625,0.004199039526623437,0.24058724288413397,262.65548720129954,-68.12449017236784,115.81662795317717
2,0.9152241618465234,19.00470605247099,0.4549871653513179,3.435606093472846,0.4164152470595855,88.71612403404573,69571.55162793919,0.0010364203932839548,0.059382514336459545,72.10538135404029,-12.548875142034518,49.25765673806466
3,0.4189744486973434,17.350473902307854,0.33372135089115657,6.1007956681365565,0.13982071900815501,178.23926240703065,68115.8179456649,0.0012845780431395848,0.07360090032707241,87.50009615578428,60.916264256075166,97.32970207989007
4,0.7300723860691795,14.980514386708947,0.26126508419226574,12.38986669404689,0.1907424234128125,372.3122092378957,57753.206225684116,0.004121012504421753,0.23611662382400395,238.0020218538731,-73.50152638806583,154.98515664510956
5,0.4913377786327323,18.430869770078207,0.3893254132835163,8.099329024597294,0.19129028372799334,157.36272664682556,71530.04139306348,0.0021794734170005325,0.12487462835508664,155.8978854440701,37.24655923048351,512.990394268173
6,0.8708031154521503,9.768152082075508,0.16385767966585696,11.653524251824676,0.1426877779437887,480.48873965472075,57321.560336730356,0.008048513422578493,0.46114585046814094,461.3558382735632,87.25799361863233,105.47310771118275
7,0.27167414063798095,18.325161715682924,0.4312716790765047,10.664673516065418,0.11716536279460853,360.38027694485373,38057.86196686189,0.006361550602976359,0.36449000070944937,242.10783123889595,49.17764494849974,54.063247298363756
8,0.45320054682030114,17.348235428491666,0.33363342631611365,10.958145176516123,0.15120285124399335,360.97321862784264,51187.02999190903,0.0068640332527043725,0.393280135817415,351.3508554626282,23.76418468349175,55.51516099978375
9,0.5907181682220761,20.171719594166486,0.4589373303448187,12.99589054050226,0.27110261911002115,296.96453085105435,52071.11256384711,0.0011075517875378485,0.06345804301808877,57.67145969449893,-2.213210280219112,78.562638823281
10,0.26458208911093756,15.891688673201303,0.27900389409554427,7.8997789388002815,0.07381943316988587,448.95715778574856,52971.17436738145,0.0013273771685459032,0.07605310957970558,70.31273777017078,-66.19184895579741,83.57959125334617
11,0.8693302382809484,15.929371056952306,0.29843978387765024,14.732466146662272,0.2594427284308724,312.756066873804,67608.82896351969,0.0045837289005473845,0.2626283204335062,309.90108585232804,-0.4008376844864472,41.65118863561613
12,0.3945113766953085,16.78988966647594,0.3119698852963179,6.717988654227605,0.12307566893572786,166.84406641419133,54002.697242056354,0.0017976012164618253,0.10299496295084531,97.0753403950712,-31.92497290059062,87.26077932381332
13,0.44751999162990086,19.86176980995379,0.44318185020927514,11.31806360925585,0.19833273789617878,214.78666716668118,36584.03922645916,0.005731706051607731,0.3284025661667162,209.6895330948478,-179.36219519738376,179.8400201682297
14,0.6983862342598368,20.60574558867372,0.4700812082095891,9.155445194610424,0.3282982447978092,171.17441055023275,56560.20690836747,0.0020293357942902292,0.11627237622765876,114.77969180212757,35.80026247896923,79.21905347172601
15,0.5770227567713974,19.337236265323842,0.41883619949268525,8.829170741758974,0.2416780184669242,163.35309985723583,46380.17504755887,0.0022985305655942208,0.13169610049036687,106.60629692000747,-3.7507856916879234,88.1069214229834
16,0.7852081521552673,11.72792394146442,0.19685846358256137,4.186962148521656,0.154574870425788,94.72643833461215,59626.376093632534,0.0014781769751333663,0.08469330204855632,88.13835230082843,-86.26991010896548,180.82415486999074
17,0.6102907414036775,8.101060674153214,0.2042371644208783,10.964533977885848,0.12464405049660258,235.48995346729436,20374.328674727836,0.009971159805474994,0.5713053737042041,203.15737037477652,220.37449707613882,1420.9981057678724
18,0.43069915892286487,18.33278519726447,0.37314969219377114,11.267727513140128,0.16071525858018315,272.0691406243677,29072.254549311612,0.005539483777661794,0.3173890411412065,161.04569427525433,4.313888248997939,111.86792366102442
19,0.8113508860168925,10.176126605682327,0.1627616271304441,11.253189400018828,0.1320567903818369,268.20363441835724,34914.380920998236,0.006994944469633122,0.4007807960383539,244.22515154756624,108.71415429074887,134.84634686789562
20,0.5501789932677992,17.458618936687927,0.337981852068979,11.17587617480512,0.1859505151140971,194.76846923896042,70419.72397732575,0.002557859031341436,0.14655452708528524,180.1238251671388,65.38357342319043,88.15482174318521
21,0.2743429949595556,20.016538452743113,0.4719910329079975,6.425308202760988,0.1294874335620342,364.87088140595847,51469.82599556357,0.006579796556460649,0.37699457273990766,338.66220567708876,316.36444977642907,514.5554496404434
22,0.25521728262571597,14.530588188880941,0.2304225684718821,0.5395563084501273,0.05880782178103173,199.14932374402974,68201.31364667312,0.0029083470053837845,0.16663600876800258,198.3532261214995,149.7954409975402,184.74591383526527
23,0.5068922359052351,19.666598826550015,0.4291393819420007,13.031131720732967,0.21752742082757143,311.082986619462,65522.87971440475,0.004660267311893556,0.26701364837427805,305.3546871577914,-42.54585151728145,85.34432542236111
24,0.3533415288887082,19.47303137879193,0.42085060924741174,11.39408443260587,0.14870399770522477,308.085025073997,60731.32176823812,0.0048422925784776276,0.27744292791428904,294.0794033058902,-12.417917790789346,90.0523255026952
25,0.46522003053731176,20.2138085332915,0.452852313160374,8.801943016221188,0.21067596695736146,163.1955153159614,71361.1880026845,0.002286777001225536,0.1310226708578059,163.18719461824358,6.422952058941178,95.48728173446302
26,0.8126474757248955,13.02602405846559,0.182126009157959,10.976246545756148,0.1480042416060646,332.25272939712363,46435.59612492444,0.007023954621705801,0.4024429553151512,326.1628609770013,-22.328360974222377,30.303496502260934
27,0.44800736618409104,17.545673042614972,0.34142614248621367,6.561772746606178,0.15296142684164277,323.20304773032694,30508.759288242174,0.009479738910343578,0.5431490304486329,289.2172384207346,-36.33642033719062,207.99925653193216
28,0.38415984447036855,17.590856425417957,0.354564960162352,8.985749873433592,0.13620961995061157,219.23060706667926,66140.74897296507,0.001611992619757274,0.09236037371832873,106.61842229714959,-29.38073885080192,36.92848051897851
29,0.9560226153267952,16.156196031100215,0.3644421445831627,8.788691673582903,0.34841493219970127,240.15724897936778,46135.96506270262,0.005205335941686509,0.298243780406393,240.15373940310667,5.6469705206903384,26.225685517313895
30,0.7220127890922216,7.007566214945241,0.31362727850010474,14.41230385360515,0.22644290608526355,102.52432367913636,11049.070295627109,0.009226109032268363,0.5286171088765055,101.94065036193399,-99.76112413973357,110.18054691991745
31,0.31256427390414215,19.720886744050667,0.43147349989988576,9.672330620368392,0.13486320120508674,247.99774963908763,68269.57822408818,0.003336003306216444,0.19113890988789103,227.7477498851034,-4.662914781199959,73.5463531110966
32,0.28454013209001877,18.258113089584832,0.3727630487941458,9.18841129705059,0.10606604714216435,288.5729039927435,56251.3236373024,0.004455609651470391,0.2552876281870091,250.63435514880717,32.53110360795665,53.35918120038711
33,0.45479768438498613,18.655811047392113,0.38646098170706455,11.610174587352247,0.17576155958552145,266.95544616471943,67629.58027100617,0.0034319095874077907,0.1966339350289501,232.09883272954596,-50.99157704889444,86.99008143104297
34,0.32559654920744624,20.131652320701885,0.44926633373978503,8.724997942518758,0.1462795679407549,184.7148246964651,38518.96028210703,0.004760452692544545,0.27275384785449136,183.36803447825895,-3.656767727014947,84.40508747691645
35,0.3569477800674822,17.48956759700319,0.3617876484165866,5.7373956342978145,0.12913929795813534,347.96906127911575,43724.40195114415,0.005270139552744374,0.30195675381721593,230.4342334902208,68.34508819075052,748.4061638147291
36,0.605480653064691,12.352755895433857,0.16239898224104443,8.50202976020698,0.09832944182434873,320.2323461461015,64307.86677872872,0.00137382762882513,0.07871452491014534,88.34793802709918,65.76240854279902,112.05581845253695
37,0.956690428402681,0.6211749441615945,0.24173414809390806,14.323511058896349,0.23126474569951805,28.259024419615223,64665.66056986996,0.0003039176347765249,0.017413197792293254,19.653034762929032,-64.47594218676991,71.42052460642677
38,0.31581077358148324,20.778365708185856,0.4813448705751681,9.536100482743576,0.15201389593582276,215.9115406292644,58686.66755144301,0.003566917575721729,0.20436932295989033,209.33072789100436,23.6864195934578,79.06243650455446
39,0.3180347457740185,19.970570900181876,0.44226152039337885,4.454465048975532,0.14065453020393914,118.17605645602728,73917.01934150654,0.0014129121128812847,0.08095390089100937,104.43826935005143,38.09648485020358,88.22675490053285
40,0.7493156361843627,1.9142388030424702,0.13788482879508054,9.431654561540881,0.10331925820875772,73.04854570634947,52344.273277096654,0.0006320841354876495,0.03621575326061762,33.08598582365423,-0.9457366063839459,13.053241132341814
41,0.39657425512726513,18.481214313264932,0.3792456974430571,10.990588264476594,0.15039907997370053,262.5331468271492,27485.3492342058,0.008379528758221186,0.4801116321545736,230.3156220024724,72.11440712392043,75.4777748313901
42,0.8241852230739679,14.374765070061223,0.22518627487169995,10.321254324765201,0.18559520018832787,243.04248054835278,46890.76545173522,0.0034653421431905616,0.19854947937363857,162.4927082555041,257.9648917470033,345.31412385945424
43,0.8046165190082334,16.918520255887053,0.31789629321233304,14.195088830570011,0.2557846088501281,395.01211955467414,31320.274186244787,0.010483434469825527,0.6006565499229705,328.3470491913215,2.613992167190304,63.736955252348224
44,0.3760303845746602,20.09456404761153,0.44765041209786766,3.942723889459295,0.1683301566161663,251.9792764441213,65892.18159144784,0.000608585421033127,0.03486937609839042,40.10102231432795,13.78234019305114,59.23388392634632
45,0.524923512542822,18.331292881387014,0.3730886131598743,10.996683530128914,0.19584298530961133,288.0831085783541,64508.88993956928,0.004024091152625161,0.23056343942135654,259.5900035733604,58.10076601440812,72.6700494127554
46,0.36772370811669375,10.979899903965588,0.1335243870561227,6.7372824683244295,0.04910008273228611,256.79484232209137,31308.64567888499,0.008080930974432807,0.4630032393715396,253.00438143152562,40.62265040313237,95.7440769584129
47,0.4262805890708205,11.237420126298623,0.16389267167518076,8.48456332913746,0.06986426462608664,282.3821343736867,57229.89796941767,0.004453140167777826,0.25514613719384877,254.85317860017042,-30.775914857999794,183.46614660304724
48,0.9626803146688493,16.948403177410583,0.31806296307094606,0.9080331199528864,0.30619295337364494,32.11889460278462,60454.8301883765,0.0004996218294983685,0.028626222182861333,30.204553489039892,31.22867641991602,47.30551516156983
49,0.4622913389274838,17.199538821909396,0.3278095483788934,7.58267589329195,0.15154351503329241,129.69397077483563,56909.86046948067,0.0022785468284415695,0.13055111669262118,129.67183818204995,8.794465257883921,94.5094688141573
50,0.26983141854321274,19.29959752477303,0.41346947534721107,9.47488667094183,0.11156705505725589,264.1099230539408,57214.48973181634,0.004146788460658155,0.2375934773292637,237.25672578845004,36.40412751873471,72.47482384133872
51,0.7450251975555071,14.601599899125302,0.2678376033257389,10.589994369159943,0.19954576333055218,198.1228482356294,41851.132638437964,0.004520249865001044,0.25899123960914,189.17789877643858,32.91527084526035,163.44341137921487
52,0.9176808882313529,14.720136238686061,0.24168959248329072,12.30078529107877,0.22179391990633993,331.53587159155455,31129.563731667018,0.009805418179586845,0.561809078051177,305.2408357872044,-29.835670121765446,66.33808653053678
53,0.5650669769551593,16.899535463804476,0.3801990517206438,6.582922100633655,0.21483792879700242,118.1458929592599,48009.87433691684,0.00059234887169327,0.03393909034736069,28.438595725146243,9.201677644374882,63.83986372978362
54,0.8616244585910022,12.440993999146697,0.1886783244081371,8.434946641902288,0.1625698591160186,289.96724656252246,25190.16921470577,0.0045140191080749225,0.2586342435341013,113.7090982524288,-10.76614937788193,22.925414603801485
55,0.3730961620411183,10.786524627072852,0.13824552834436438,7.364156501709201,0.051578876044628984,288.33803678519627,66536.48574894165,0.00433008583017563,0.2480956429984649,288.1091442932895,75.75790656193334,135.00801267567275
56,0.3446579240277806,16.49202482518032,0.3006455874600601,9.293076842099401,0.10361988404209686,341.1444018653873,30468.74161235254,0.010552690252532025,0.604624613978928,321.53017640564667,-15.38662982779843,74.42088415903538
57,0.7500143123705864,9.44699725817536,0.08919909124207952,5.091308385952053,0.06690059508200946,251.5293252563961,30031.452274383897,0.0039931148716690155,0.2287886292575579,119.91919803700137,-202.57758393914105,649.5053313100425
58,0.4358138903617523,15.743545349769828,0.2729352373460039,8.209377465643712,0.11894896760457017,221.2231410756456,44272.390349863665,0.003123561752063056,0.17896690544170196,138.2876576044761,70.7236532418428,106.88332658158942
59,0.9654270439662211,15.601728882520714,0.26780872369967534,14.499819732747108,0.258549784469744,300.576973408544,54548.415996145864,0.004668894218840673,0.2675079337325999,254.6812467321401,27.40391820028981,236.9708735053823
60,0.40010765815211297,16.51855425951507,0.3016474689923,10.303295147887084,0.12069146240602126,295.98240391983177,67839.55151554532,0.004320590225194938,0.2475515849091479,293.1073591249484,6.668160031766952,58.22973670718292
61,0.5359898445008491,15.252563571169695,0.25645837255607074,10.568590899079748,0.13745908322726919,235.1368347249237,55200.59172266459,0.004240602398720768,0.2429686200397531,234.08411245890957,86.60821461009311,103.88242571793171
62,0.47348959840781707,18.390277370366157,0.4048158697959557,6.2753058197859435,0.19167610361879822,140.25245913416794,48699.41023138676,0.0023947955158317726,0.13721167585401547,116.62518498334475,37.403973436260905,61.55753931455832
63,0.2721001273185145,18.230149061024488,0.3689550819664997,7.463162509185007,0.10039272477789751,186.2392744300325,20898.076701841128,0.0054642000281388825,0.31307560002762364,114.19155542508226,51.371241583661586,76.48051861936075
64,0.3349930873370392,18.079958730719593,0.3628479059512934,4.219499914069636,0.12155154024840341,108.9877726779624,48162.09012790903,0.00024121353962987176,0.013820517782203277,11.617348292054464,-123.87448746164253,142.54319343245837
65,0.6422080521419147,12.27468524952008,0.16918820284947186,6.376919860434384,0.10865402619735046,234.06652214432214,66629.36605967194,0.002518452024781122,0.1442966719261349,167.80295055513065,-18.322266135171844,30.082206461069806
66,0.4941624317378182,15.58966083374564,0.26737431194668443,10.72197281437917,0.13212634017579955,374.45698693023064,23552.595676231547,0.01110089502579655,0.6360344337959114,261.45757714100216,51.40199004016506,114.07392412213433
67,0.32960384069571924,14.60278248906593,0.23286638984188404,6.9094936088154295,0.0767536564608316,160.18123710518645,57893.93812037069,0.0019195724174875571,0.10998339799176149,111.13164088003313,36.076869592059495,191.27986084314082
68,0.9451587934084259,12.600622523453934,0.1694161928936187,11.318739374936207,0.1601252044591818,274.4044540650052,69159.48595739051,0.003210961884598599,0.1839745641648726,222.06866416675146,16.486555747708564,88.7407041763688
69,0.6282096561091398,14.439497790858919,0.2273551613298894,11.116215920145617,0.14282670771368783,341.6641975678852,65046.47468476808,0.00473352597571893,0.27121106062423966,307.89975245654324,123.35388422205585,123.46106453144488
70,0.9204155534005511,14.038147882687365,0.21405581647985247,12.879969977262558,0.19702030278391022,347.3106620134862,57909.29879609973,0.005896182549948525,0.33782637535073423,341.44478623499924,-19.387680157099382,54.02407972739712
71,0.3065276344543201,16.694275861931015,0.3258470009752942,8.528508512115703,0.09988111040299145,274.6429617890148,70166.14492073725,0.0036262276006954973,0.20776753707370274,254.4386901583993,10.884032672629374,154.00803554490062
72,0.337400646137662,14.486065085461473,0.2507779268283618,8.336007507071933,0.0846126345489526,244.3619010976389,66714.17847811457,0.0033710753524581636,0.19314839011642923,224.89873570900306,-101.16756111239222,194.28939693940208
73,0.8940315211651835,9.47545614431205,0.20799008944744313,13.151281450855581,0.18594969605598016,193.67051894115568,81493.12638513483,0.0015820825477999136,0.09064665283023937,128.92887991183198,-39.014023352962155,82.18775544150178
74,0.534101371474697,6.387426608918795,0.036313288516789284,3.0006055181484714,0.019394977199573525,125.59881701829453,74180.13528201902,0.0015997874225913017,0.09166106743259349,118.67247274036377,-245.08225716948817,1072.2330364111058
75,0.5227765348542985,10.429195221596,0.11145578369626272,6.0314557740284975,0.05826646839020244,196.17190705291614,57414.30599485594,0.0021714505462778963,0.12441495172310052,124.67237510460575,-17.889928662059873,99.26684884982338
76,0.3166295532468407,15.759342780393382,0.276944535057408,3.433529873812202,0.08768882440938111,99.71327133854895,28666.031231531102,0.002795215976022546,0.16015407825363298,80.12780063897083,42.07444844959048,203.42040362361462
77,0.5359354119287132,14.672804484157602,0.23524740523975946,9.83681691442579,0.1260774150323314,292.7237323109109,67174.9677207998,0.000979209776856658,0.05610458747183362,65.77839040821493,16.416222640602086,91.24167056277912
78,0.3368079982346492,12.624730464100733,0.17012496836169091,5.477530293877159,0.05729945004363414,174.86874003858608,63418.55050868247,0.002523929690357248,0.14461051904523103,160.06404751857428,20.197131094635647,59.279449063892706
79,0.6667334453384169,11.391586211356294,0.13568644016760875,6.317576370937549,0.09046668773865475,157.0993511812165,54318.35577902237,0.0027413587513271404,0.15706828658229852,148.9061932256325,61.67010754495573,100.47052571000266
80,0.6155187297161958,8.863821330941951,0.09596123841893596,7.881834544296423,0.05906593957361647,261.75088201294443,45166.49260621791,0.0017714429140575786,0.10149620262385506,80.00988420277119,-41.37448644760492,78.08204149906726
81,0.30735200843420885,14.855627257597986,0.24151334471962818,6.071836996965434,0.07422961156324115,138.2270536680217,44580.97058814048,0.0025176942643249825,0.14425325545011622,112.2413132372655,79.43088074529143,84.55271498132562
82,0.4762186203731183,15.662744892076436,0.28459296799994255,10.218920875236211,0.13552847058882364,357.9792414916689,47038.334737169156,0.0065583745436676895,0.37576718181819585,308.4961228776112,-36.83120593598936,71.20999202202222
83,0.42232105127705616,14.24384673225306,0.3310082994306901,9.991780543770803,0.13979177299699963,237.1442346888788,68849.66926765142,0.002820021104482113,0.16157530742464601,194.1576490416075,-12.03532644286311,179.56501815851178
84,0.3575419359056207,14.113494348202197,0.21652549963251094,8.391070443337245,0.07741694631153972,265.04749041827813,17663.66509500535,0.014870105140361823,0.8519942654585231,262.6653971930135,0.25110385931219525,35.47255708309905
85,0.40803929566102254,16.04170302286027,0.28384338760745687,8.24358739928929,0.1158192559573853,247.78950759711162,54838.13649667701,0.004504604452059342,0.25809482347884105,247.02453151310323,-18.724592051245793,70.34053626707843
86,0.3448325752134475,17.480762933326183,0.3388566783239971,1.0046394553408358,0.1168488210147387,27.29440863504188,17102.044456661963,0.0015825886483813432,0.09067565025756441,27.065507070219248,-69.42014332708473,87.81994480251569
87,0.33910361383312815,16.932433989676607,0.3254812430758417,9.3675778965912,0.11037186576191674,309.47628353613317,70947.51189603609,0.0007146581000564004,0.04094689292806985,50.70321621334737,32.48903689425339,75.18928625323203
88,0.27125254444788055,15.7055659106885,0.2940018331373758,0.3719329833984375,0.0797487453108544,14.867517907153061,38359.22298014068,0.00026949910487611737,0.01544116129195507,10.337776319460493,-13.737676094527728,36.76625783430914
89,0.9832021243478307,2.320954713069622,0.4349390089649211,19.631511101442555,0.42763295757605063,46.153416164298214,23322.00780366478,0.0019788665435941486,0.11338070116758564,46.15115603244008,-46.87248141583725,49.0152931239628
90,0.9559108689174501,10.954588255700651,0.12929226035647712,7.958536764707472,0.12359187694166124,220.8633376942766,61331.67015680457,0.0035976154286974107,0.20612818037550998,220.64800080820686,-6.379784604837141,118.85782472399438
91,0.3250151923981608,10.11172402457639,0.10398566987827683,4.9387483002691095,0.033796922502139774,257.4778964319855,64323.984750334595,0.002886533947056752,0.1653862125875909,185.67349451232633,38.45612177842724,79.08795795199525
92,0.98650444981871,4.400434415179225,0.3513370620639904,17.67571429288384,0.34659557511235883,95.8815031747382,65732.07405310636,0.0010518281429997029,0.0602653133669658,69.13885176106845,-26.09754172435015,51.86591943759559
93,0.8007562141193288,20.02098724347214,0.44445012124144717,1.501599208492778,0.35589619645017795,43.08867544333348,54335.6051568657,0.00063679372158726,0.036485592667378774,34.60057339176548,-27.456798131429082,39.73056422990412
94,0.6142685283942548,11.542761329355795,0.1624558218856531,7.120790050766762,0.09979149863877931,178.3799293883073,66722.552535945,0.0007617482458401256,0.04364495953813307,50.82578980991447,-39.63769283088052,58.75601188193295
95,0.38153633678647386,11.048364822302098,0.1267738862761917,5.239565392880796,0.048368844170003214,285.59239838175324,52014.70808793396,0.005318129897204503,0.3047063980121604,276.6216261398381,-48.38788514380718,55.953544907506995
96,0.7601226347459724,13.058973266763747,0.1831282842947434,9.968842522458127,0.13919995395462983,280.20531885861755,56879.34740531877,0.004627424933800028,0.26513191872034597,263.2053800712299,38.349714580455924,55.231469919097876
97,0.900869570886831,19.101226509303725,0.40508100170776423,0.26735424080323006,0.3649251481828812,13.98955693647716,40135.33907215803,0.0001321096539154241,0.007569325602287753,5.302265762312683,26.48230787571234,48.01447434652508
98,0.9779247391095368,11.671355314792558,0.1812228158076645,5.789919169842405,0.17722227486940595,131.14435155629658,42918.831045419225,0.0021909451743109543,0.12553191163257216,94.03284338105537,-6.356479002414716,51.766236596118084
99,0.36419035796568694,14.885691791148112,0.24481553966249162,8.211432215665553,0.08915945902524565,226.37859591865666,48756.51813163418,0.002258432077128689,0.12939862633643792,110.11333132048875,-61.32179257357361,64.68135930414756
100,0.609350043686445,10.974978077260308,0.1250450980981114,8.081726032546532,0.07619623598885998,311.63742393607595,47882.887116727055,0.006179390472713746,0.3540529940498483,295.8879979927081,-96.44790177474603,118.41144683515911
101,0.33436409331825956,14.986575160154665,0.24644835547556537,8.846203556516933,0.08240348092836354,283.3568539967783,62544.023873635015,0.003432730020080504,0.1966809423584712,214.69695915359057,-12.201947223647494,51.74892731891969
102,0.35094366472967564,13.543729554033575,0.19816568127315085,4.757535045816373,0.06954499040965241,133.54932317356105,66247.90113421073,0.0017352786833765969,0.0994241448364973,114.95859950350656,-3.2449482198860267,76.98348802760354
103,0.5725427928738908,11.808149294406924,0.14690107674136005,8.46587840807554,0.08410715275368004,305.7216998388613,55660.05115921135,0.005074432662498935,0.29074357498452225,282.4437876730842,28.255798468260963,74.43816796598942
104,0.5056186017383428,9.191726068497267,0.08784028774123889,6.156702607579734,0.0444136834640189,210.53307152871602,41458.95866148351,0.004971513501491758,0.28484674142778366,206.11419726915148,-8.5546010783807,53.66685615336877
105,0.29407527476156203,9.963052759207136,0.10057778476166529,5.66749999330992,0.02957743968869597,250.55896341196927,55661.742241095824,0.0043313131118707104,0.24816596105986669,241.08881090620864,-0.5384304559864184,44.35407030917463
106,0.9594130821794787,11.526597155066131,0.13927369227446212,6.787590407536802,0.13362100237155797,189.0044875078478,25406.093873231745,0.007134167247948351,0.40875767364790205,181.25209156507154,40.201171019396185,62.57432164321576
107,0.5394178023279169,9.963509604963962,0.10332132375627053,4.379178064919025,0.055733361394218646,142.57173765097585,57699.59253188125,0.0023583138943010827,0.13512143291051337,136.07381382963305,29.238318608378925,111.29995171698766
108,0.2532511506415816,13.562189219868708,0.19874900042075172,5.4678911299771675,0.050333413045419564,140.22514928180104,52661.13968529296,0.0026235679485468993,0.15031937071753285,138.16015745991095,-38.912860197158274,101.68588049283565
109,0.3246878059284733,14.779968250455989,0.24080316154199005,7.503803479555331,0.07818585018170847,191.2174870770642,54291.00030590285,0.001231573636862625,0.07056397155180588,66.86337314703427,81.2122150483712,87.71874554915398
110,0.3646569950883491,12.282390386121337,0.16019115758655866,6.937768067235189,0.05841482616523868,199.75926829832088,37255.277844648896,0.003968068973883707,0.22735360502034369,147.83170610337598,36.539396454483,86.82834369146511
111,0.27311739052747647,14.820881638866208,0.24642431717928567,6.588780144375265,0.06730276647052169,183.40970361105673,56916.73955742347,0.0008461235601717388,0.04847930894442419,48.15859718085711,88.80672777048846,90.01377493930738
112,0.8290864207471462,13.833157179240882,0.2074007879978799,1.0182277129257469,0.17195317698129992,86.58707282348846,48417.60778878803,0.0015454777571063966,0.08854935281354111,74.82835078384292,15.416614781336548,42.25596474461884
113,0.32728423362037734,12.354486137144608,0.16225966892573765,7.3508755943224005,0.053105031391856204,199.45384143845126,49198.03259919843,0.0034275146097260925,0.1963821213567346,168.62714058751826,-73.24425124417368,134.80076924777651
114,0.5880524475499069,12.468127399058268,0.16554568855884463,5.629972472527332,0.09734954733836322,91.42299327420395,64788.09708711287,0.00014401781126139384,0.008251612759989525,9.330639954404015,165.63147193974507,189.8652110070749
115,0.3633660247433638,8.724995126828423,0.08066832650831024,4.844205161974005,0.029312129126024412,136.25026112907952,41228.521546010044,0.0031907451263294825,0.18281622924061602,131.54981579618132,-22.84916588848276,78.04436599634285
116,0.6690613755280149,9.334506909686061,0.08859941071568402,7.897069540775593,0.059278443604407094,231.67104058101387,76475.6550174575,0.0030243711791556353,0.17328370424662207,231.2909432399463,6.172147494128751,62.29506736510692
117,0.266588153556443,8.181011497288072,0.2766454473718607,2.029643391028315,0.07375039900466047,50.11168573376732,66448.0227166439,0.0003323628016447739,0.01904298580138928,22.084851197159665,50.63130545419985,132.55574420848413
118,0.2762802272550542,13.640607603538836,0.20123571489888073,4.898787671075938,0.05559744904409607,117.45656757212805,63457.89893559216,0.000793307476727523,0.04545317027265984,50.341628323177886,49.232483020439474,109.70595958071306
119,0.5596038970469058,12.16679362727014,0.15723937138003355,8.468474474564252,0.08799176499347248,258.81035389594336,42173.705598751316,0.004493380917354029,0.257451762309008,189.50284279763108,-27.78689724777297,51.99419017200906
120,0.7806276328660183,11.373326459534935,0.1393622442019848,9.26151295344598,0.10879001880229137,357.4555007006057,61283.65135583328,0.003595314826265597,0.2059963655658295,220.33425766938905,-20.275321258727388,27.570421939910755
121,0.5569350939224751,11.964780516352736,0.15122941460002293,8.49059242606691,0.08422496822410469,239.63920144288548,70328.48772270294,0.0020387389111189095,0.11681113513621058,143.38147414366296,-18.542833976439894,73.46679273206703
122,0.3309922008440111,10.511739295529235,0.11344090832220254,4.45016548983425,0.03754805591130951,172.7812295521035,43281.93875701792,0.003977041058698165,0.22786766761364557,172.13427442202612,39.84923707723385,137.1515613542787
123,0.37502502266343923,12.557874712790575,0.16816280771128614,6.548837465207979,0.06306526077307266,141.8758316167208,62736.50810172327,0.0013706715124213542,0.078533692760557,85.99115790674583,-0.41049482533435366,81.6048541604273
124,0.5317076890601995,12.015995107852923,0.1526577805017568,8.073946984073986,0.08116931568764829,235.60542559913904,74393.91285190715,0.003026751135096835,0.17342006567747992,225.17203207308722,9.946414487548282,74.59886138570862
125,0.3722780290125376,10.98853281053217,0.12525079904348294,4.546619777944119,0.046628120600153256,322.5655478869411,47761.16157237935,0.0048091672303168,0.27554498526977217,229.69185581040568,1135.9143279467623,1825.135450127985
126,0.4110485677232486,13.051555330576642,0.18537468960744377,5.480255178198689,0.07619800065528154,112.6940128605739,76637.87886320378,0.0014589502020305172,0.08359168909610742,111.81086868344755,-14.81001784705785,86.1869435469791
127,0.2823848643266361,13.008810335603618,0.18160340234987665,6.172792166075525,0.05128205213382543,157.1912348161939,63421.03564831357,0.0013874809785878,0.07949680422776227,87.99549472107697,67.11994619056708,81.94572613233852
128,0.39194684823504883,10.876660506071367,0.12242743745188721,5.415109254844357,0.04798504824676077,143.30917572615803,28972.16124850239,0.003774295535384539,0.21625120481260357,109.34962866061164,24.43390342140229,77.82409390802832
129,0.6540608704377936,9.000745536234303,0.08731498066929894,7.769927747629017,0.05710931225882079,287.68695411455013,57398.128611069726,0.003456531524189177,0.19804466808996146,198.39863850613264,30.5329593973812,37.372526222651906
130,0.508697547442241,11.982164588479964,0.15171351994382673,8.358176844923202,0.07717629550925419,261.52999955343006,55450.96277645895,0.003747236319852707,0.2147008259656947,207.78810482970957,21.46989760270506,67.66152674989571
131,0.9086157855266259,17.51279141088485,0.35493913246042164,0.446600471586121,0.32250329865466515,28.502548968244,61368.163463304576,0.0002295381791928728,0.013151568904869222,14.086336563625663,-26.434338028303927,41.06333533817158
132,0.4311477330089547,12.94684403055989,0.17972790044546602,6.897845801822831,0.07748927683552177,147.29183537763558,60630.56263758947,0.0016865665419201136,0.09663314471999654,102.25750260169721,-67.10748400031014,81.32545282610516
133,0.9107413356698573,6.3026166081886075,0.05166886760260688,7.112224016845631,0.047056973492947206,181.00313167003188,43442.85941465951,0.004152000273612367,0.23789209221515165,180.37502330159393,0.5543007209272446,58.89029235111656
134,0.3133197760798038,10.122101955227983,0.1042257120438461,4.168591880854653,0.03265597675933597,156.7296700462476,72875.5988520264,0.002149739243807993,0.12317098572384308,156.6635951016995,-34.129627841149116,54.9513586333522
135,0.6050411970230777,9.472745338442193,0.08975017552976658,5.4064598060970575,0.0543025536355613,129.6648979247845,67982.79740096568,0.0017096905197409998,0.09795805105468744,116.22957253389582,18.650214268802298,77.48731044104908
136,0.9183533733591236,4.518965123359313,0.2236489403406331,13.770603802762343,0.20538875881001378,79.22324967105413,51370.66984375844,0.0012972613684711525,0.0743276013387626,66.64119480659446,13.623114537170594,81.39591187998566
137,0.7503667152283183,10.988653181293984,0.12525384880042126,6.764502450713796,0.09398631909407654,182.41966435908085,39714.294183605816,0.004579738578798178,0.2623996918383774,181.88140310097242,138.4906412411512,230.51949306654973
138,0.9122781997936052,17.310836021619313,0.3321649709454514,0.5234485799526444,0.3030268617286116,26.834884387205985,58452.52244533972,0.00042194444884851743,0.024175636107993694,24.6637177329259,-1.8766019116391703,21.83145756385485
139,0.26761138595596,8.745440558272193,0.10480362860680602,4.159375422466177,0.028046644304681057,147.35587473188767,43060.11578931894,0.0027981875184085203,0.16032433509099359,120.49035716139409,-21.632378031588022,33.89948034820262
140,0.36012398281655544,11.177406502502098,0.1300897800013829,5.61128895931058,0.0468484496978275,180.10357104276244,69406.29287851807,0.0007114464510135022,0.040762878992634546,49.3788628292096,25.624512150165685,66.64281895228585
141,0.4623369530857108,10.855095133796919,0.12188686135489116,6.335894548333356,0.05635280010000085,246.21262710154517,40712.55548757888,0.004936633903884475,0.28284828769377174,200.98338990362734,18.05144544608335,85.06657054190252
142,0.7370284761922966,11.550447460047291,0.1454060133806317,6.033389449365941,0.10716837247112367,207.45862831974952,67537.82702591068,0.0030175958586910415,0.17289550697915226,203.8020217882139,-8.153710001457966,59.21974529643514
143,0.5763438142868456,12.943873477256647,0.1796382144616435,4.01838641621421,0.103533373714502,74.6406133661241,10901.447202792859,0.005227311105298658,0.2995028645354786,56.98538578647929,70.02500695432605,78.03018665524667
144,0.8517340242012377,18.67916297518401,0.38742961435439494,0.7694608559114305,0.3299869845288024,30.054814614741204,41962.08953760159,0.0007080451554247367,0.04056799911052182,29.711055449846366,-0.9170398438709242,62.31727252336738
145,0.31221241949166517,5.7146906113603455,0.028025609991606127,1.2304151448874054,0.008749943503209135,55.6215296744905,41418.96970197103,0.0013394957914987314,0.076747455528413,55.480543899496325,-6.971040675955493,98.69656409730366
146,0.7306802685863567,9.805975954265836,0.09704013469523282,7.653120241933845,0.07090531168276895,250.21896212838945,33125.601617207154,0.007473176133813415,0.4281814520254024,247.55460755159766,27.075040431948977,71.95019267739634
147,0.2559687570286955,11.877558876850768,0.14952662687877677,5.311117715669446,0.03827414482485402,166.16691455804153,68280.89233526192,0.0022190656173924437,0.12714309433917936,151.5198426828868,31.126032512058618,93.34246591121413
148,0.9742523047419239,8.064280015231938,0.0770348841170349,8.755187774288785,0.07505141339654828,247.40716923218784,53882.033247089625,0.00443413425769473,0.2540571787602822,238.92056095760705,105.47174901883226,140.37799511242025
149,0.3280568499493572,11.575517662866016,0.14058479150076775,4.118835464986616,0.04611980385052903,190.898174388269,64681.43575760362,0.0029334340358966433,0.16807338973690528,189.73886120116848,17.68465404428278,66.06311728758152
150,0.3099194321326171,11.56542200517049,0.140313734113731,5.007960432428225,0.04348595279693453,172.6130486406251,32140.4103334923,0.00510162036671822,0.29230131569093737,163.9685275798345,-34.27184431900844,61.635200877884614
151,0.6858473983010631,10.879916148021012,0.12475802162676017,8.545561740628589,0.08556496454990123,323.01209403770577,56918.456755401894,0.003073373412429395,0.176091325399924,174.93180936359616,-39.39144139166174,47.46562368278197
152,0.9612487201824977,9.254855253649279,0.08514214838913725,8.875925279768794,0.0818427811726465,299.29730065297775,73212.17004489093,0.0005448427643911314,0.031217190897852524,39.88912210110121,46.01656766669008,54.28807966372612
153,0.4593620786648889,11.621582356743803,0.14182480736910025,6.801333792061097,0.06514893831931734,163.09019319508664,27528.131537347123,0.00395131016154105,0.22639339580345771,108.77232739231586,53.937342761324885,70.36725525222623
154,0.4405268684981263,12.886467182710172,0.17790918855705062,3.7590708393314296,0.07837377771208019,99.77926879423438,55419.65713626529,0.0018002530130415727,0.10314689970299208,99.76943168661391,-19.15705949464661,54.06781365078493
155,0.5372325963268616,10.768322596903356,0.11972380570225262,2.7507633313972195,0.0643195309795539,77.56282099246152,68061.14609760605,0.0002324662948813645,0.013319337575745839,15.82192252994187,66.44428359450636,110.4182883946713
156,0.6748423082791054,9.510062386372253,0.09586621104493247,6.645604294945013,0.0646945751475341,268.3358473629941,51352.19192936489,0.004643761309275897,0.2660679240876543,238.46775056511208,-199.00145008257186,425.5320759920206
157,0.9075490740449448,12.557863450029236,0.18736389752360794,3.2170532655673707,0.1700419317070023,101.03485519417498,29990.74363591502,0.002105409383043068,0.1206310717956103,63.14281638018267,-50.64016257210352,65.23418638040431
158,0.5522381715662045,10.324376221423941,0.10896040694830615,6.356714466591659,0.06017209590624215,262.5762958209584,55678.82995486318,0.00471310052982881,0.27004076878006295,262.4204087296622,14.812139869789036,64.01250626714105
159,0.927040607559345,11.777183739949653,0.14605255205724763,0.523875816965793,0.1353966465947437,24.366622890599213,58035.63257775146,0.00041432489950834545,0.023739068089010152,24.04560797966282,40.39043780868343,41.30381766380237
160,0.7653576709201032,8.188653280856794,0.0644167563291904,6.360362897343012,0.04930185859233698,213.29458622088848,68021.68076286415,0.003129059031955811,0.17928187637835896,212.8440282230582,-47.6305685566133,85.87230097675909
161,0.4477032772141185,10.952373011329724,0.12433473679663003,5.800133790454577,0.055665069135406114,138.61441995529933,47511.44901933381,0.001688479791368455,0.09674276583854224,80.22214058698158,48.08811684909067,652.5735824262697
162,0.4055839670702673,18.36535851090293,0.37508935829676093,0.23402203262679375,0.15213022994384118,12.383166458426132,56158.7229853887,0.00017394941498574928,0.009966567327453149,9.768777034287412,-9.223354418474543,30.479958270981317
163,0.40594135586844365,12.228423457318856,0.15865103028531946,4.9176478688612,0.0644030143439481,125.42247061614295,49221.22912855164,0.002060172409828433,0.11803918415246538,101.4042540944154,-40.27167073473578,75.03466099764648
164,0.9762983672932664,17.86813012329498,0.3542973231163268,0.45025946117623,0.34589989809484467,19.22862435480538,43083.07138456181,0.0004285170558922627,0.02455221875199826,18.46183119101597,-65.12222471599952,69.53230972256917
165,0.25998356022135133,15.298619817976476,0.25698773531250635,1.4462028768937567,0.0668125863597677,54.532370288965936,49986.81646493905,0.0010704357702312091,0.0613314518740838,53.50768149329098,-9.544726179168265,35.03930540647543
166,0.35951691614515874,13.771738525967278,0.20549023450970486,6.962838270053914,0.07387721540887457,186.0222272970135,31333.995346912772,0.0056064596294177265,0.32122647477611527,175.67324009354715,28.706756676213516,65.67741768160532
167,0.9818555126174079,10.439697042622326,0.11170736584696549,4.0010632333904725,0.10968049295681262,66.65392678956366,68724.02730543382,0.000947142565915027,0.054267271624122426,65.09145642809814,81.44009579036992,108.48156072488787
168,0.49116010793308007,7.20498130354587,0.04799472668930759,4.2946591361772,0.023573095140938995,212.16986023818046,40293.10660603083,0.005033152015187351,0.28837836811800044,202.80175883746122,-109.2880889361519,117.36555315328366
169,0.598407544037136,8.45551033234012,0.07268764694669602,5.539852079825659,0.043496836291210796,182.7266484129773,62132.58350624154,0.0025614716051326715,0.14676151231670262,159.15093542236983,65.60158470597355,83.5358394600494
170,0.3400923441447563,10.700427151937065,0.12131309626126881,5.637101448493825,0.04125765528295338,236.6856805241481,56512.28677517903,0.0006179349609769349,0.035405065277559586,34.92091883433177,-36.3282562141851,56.524591290091344
171,0.6494611624983854,15.048734339986327,0.2482085476475133,1.4207663703605353,0.16120181189718985,45.06877415287345,74144.31545730954,0.00017065739035284621,0.0097779482099347,12.653275416152086,35.5123692460075,77.83767939448835
172,0.8410800799073345,3.111659160644423,0.17640175394432034,11.861479877193734,0.1483680013032829,55.30556077348275,62374.81276432616,0.0008126440200103002,0.04656107259313502,50.68852138170916,48.45086997781178,104.74399447216113
173,0.3781942696692946,9.498008416048854,0.09600889720664812,6.008132003139949,0.03631001476082266,221.57633261216364,70887.50353443154,0.0016284438888526606,0.09330296200512839,115.43634743646017,19.022923720960762,51.96556069537106
174,0.26238766083397336,10.120816592590133,0.13410181463234433,5.207573167335188,0.03518666145497193,252.04306748060634,39218.35498785065,0.004777026778724054,0.2737034730418633,187.34748826684105,-15.408358040212065,39.56316151660115
175,0.2692681726317298,13.871511105136742,0.20863879580093733,1.0175903110262001,0.05617978728540302,35.088901430967596,36711.39092708018,0.0006993725554541955,0.04007109573480453,25.67494033346483,20.351234352510886,77.0825698454472
176,0.602796199301459,3.333603487558199,0.10850223821420397,8.243279081197626,0.06540473681122368,72.956142189964,42982.26746064306,0.0010581046166771677,0.06062492881890949,45.47973987856361,38.15194566315199,137.80099233697558
177,0.30536414703550363,8.29033841768619,0.06626226351435521,3.3646302832802526,0.02023411957870285,145.03093067799995,5497.529660711856,0.01026798663144536,0.5883122980785702,56.44905702233081,-66.33542762822731,100.22828571410756
178,0.29348008127012754,9.150040477012721,0.08435781604617613,3.7134566559072155,0.02475733870900224,147.15074941369403,31921.966339127106,0.0022501659182826376,0.12892501032177442,71.82975100851752,134.8882432099253,135.09864680545743
179,0.368687795162367,10.74263857359164,0.12396862944104982,3.721729858033524,0.04570572065792115,90.6512336473719,60702.28107960653,0.0004980039718399232,0.028533525767179498,30.229977702160387,-7.156368257235044,95.83169813753008
180,0.5574548097825038,10.855542124637573,0.12317437903259866,7.058301435165923,0.06866415003369532,267.88798768546906,63206.06684201499,0.002964103876335647,0.16983064215239985,187.34948490403738,-8.033714246830797,23.049620813470423
181,0.43684411234646514,7.702727778175428,0.05604387259584653,5.123931678093954,0.024482435776590962,226.9479896638159,41927.97119330267,0.003021628546367644,0.173126562963116,126.69085104212479,-43.44639733910296,122.413516721734
182,0.3297262667117947,15.656810824695787,0.26979507964492455,2.8672280267941272,0.08895852438853229,75.75251360026598,57281.245995729856,0.0011624006285716167,0.06660065012050764,66.58376384799628,-27.588965747659785,77.64715713542077
183,0.2766072127740957,11.70821903657871,0.1494377982452554,4.427867686111455,0.04133557285571775,130.34320662856058,64968.14735958726,0.0020035035851624222,0.1147922996691361,130.16395969642977,7.645120500493817,71.74848356027088
184,0.4022384586605812,10.627347317141771,0.1162507671527761,4.680316850151465,0.04676052939764278,170.18669989830695,74559.46042642633,0.002226412467459597,0.12756403784074266,166.00018083115899,51.75145288101868,62.38565244902181
185,0.6211852754437106,7.297226838527755,0.05799082892247627,2.4911174388420347,0.03602304903741752,103.44776253025401,63906.18260209592,0.0007403151005924958,0.042416930773753,47.31071416233765,-132.77764271498216,153.23265203924433
186,0.8564226231353522,5.0948818489482415,0.04567013307590087,6.595145716299728,0.039112935167803634,270.14009520490424,23972.641454763783,0.011257519504546652,0.6450083553967286,269.87532890614966,8.211292151330724,21.93072163547367
187,0.7055925081629929,10.635068643962454,0.11643967769603868,7.340731365968599,0.08215896423523843,234.51171437121815,68364.82989796498,0.0028469648748545183,0.1631190717511545,194.63240085628533,31.98494140641075,57.31815474446948
188,0.9479668078684755,0.8482253935120962,0.11419990984586306,10.294641827565574,0.1082577239954505,27.549771414519906,60154.63247527918,0.0004316827347155835,0.02473359878786848,25.96771665599633,-39.91705615475536,60.86676188414509
189,0.6263129080365564,8.123749506871258,0.06325330447233675,6.154713322358178,0.03961636106699094,241.83947893645956,59363.99037404719,0.0028759163182683037,0.16477786726957622,170.72598630564858,-35.69349932031231,102.56708212368201
190,0.9803884018109417,1.9888572366251014,0.19354951202264756,13.27472131513444,0.18975369676317108,66.92062646144946,80026.28138206017,0.0006753328773982705,0.03869372364134676,54.044380927252334,-21.951684714752673,35.65762797020865
191,0.416536084175534,11.161861076163513,0.1296880954056496,7.194026156375639,0.05401977142445235,264.8690208609298,63874.49324047033,0.004089007974069676,0.2342828993095316,261.1836761156661,32.98112031725949,63.703567600773546
192,0.9098617418412387,17.721304542940207,0.3484147036544752,0.504320539624282,0.3170092091501598,16.15290936890327,65701.20380581981,3.578841389126316e-05,0.0020505250714367464,2.3513418752078823,-55.796690472177275,95.45108276310594
193,0.9999515184764368,15.225473814458315,0.25440454192290857,1.3274326590545626,0.25439220800311474,25.27295973528427,65034.98958054299,0.00038804433033443644,0.022233302392143554,25.236459296761,73.84820176080149,80.94540582536857
194,0.35955383109928934,8.203700330006116,0.06468810141532394,3.766577469764081,0.023258854690419085,208.77943241007844,28000.80199235832,0.007359102994108776,0.4216455425645204,206.06171574358876,-4.209038233712988,49.11795884279997
195,0.2996005839547643,10.977692402743083,0.12497581884529989,4.67487552857941,0.03744282830627668,162.07644772450735,26142.30504846266,0.005670750859546702,0.32491009092220985,148.24689609406514,-80.96415452819842,92.65934266377667
196,0.8398233910509645,11.850097449015191,0.18260982932758202,3.9927199909670854,0.1533600061051278,101.81468957873267,76653.21318422144,0.0010678661445230513,0.06118422316607805,81.85537900690552,10.157354548517866,39.0146195985599
197,0.3125082799654114,11.154092586529723,0.12948758119595533,5.978216701177569,0.04046594127642955,248.56681079792043,38964.30933406218,0.006289696772876538,0.36037307950287956,245.07449861110783,-63.091100472750014,85.10628124915812
198,0.507064218037168,8.136812198257108,0.06388512179043238,4.957583156841358,0.03239385932487483,250.94180479228743,28240.67000646013,0.008151897654266434,0.4670693306120626,230.21632647080105,-33.38437707077429,96.11568323836362
199,0.2507686685742881,14.415778415478329,0.23176452062844466,1.6084518410091664,0.0581192802607532,51.436241966784884,52624.23117996621,0.0003324721241471874,0.01904924951938338,17.496090083180835,-41.476497805312604,55.57150333442808
200,0.7377430957347472,7.310578138172926,0.07612973872225218,7.388888821687746,0.056164189122431776,214.04982817913532,53792.04060695651,0.003944029505580968,0.22597624494485824,212.15767033521672,-0.7164992799262393,116.82428340974754
201,0.9864380485461014,3.1260593049393175,0.18470735138519478,13.028537062089423,0.1822023592525306,88.87602368156313,52121.95585134861,0.0010488267636598974,0.060093346998077175,54.66690728249847,69.9590986787569,71.17103554605322
202,0.9036761052093473,3.257938145112949,0.17111802473087748,12.08651970366936,0.15463527011991612,92.20220596228786,66315.16077598606,0.0012174342239874006,0.06975384286926258,80.73435626958842,-28.800365458552676,68.27033058410447
203,0.28540953105890593,13.184455914380525,0.18696854046857966,2.044342174479347,0.0533626034579054,56.53462240366742,79556.00777414712,0.0006977155196036288,0.039976154574065184,55.50746355351431,28.813628996992147,56.936070747568685
204,0.5624650624606929,9.796425836572684,0.09682713882809252,6.057251721031024,0.05446188268883325,265.7873761680074,71045.2969847947,0.0033970845796219553,0.19463860906131153,241.34711494092187,2.6702192466209453,58.69351718477259
205,0.7318241125861511,8.453856818190992,0.06928806011204922,5.714012733912235,0.05070667310431631,206.30266890621496,40227.97414393274,0.004697681349162685,0.2691573148043443,188.97855138554345,21.633743021626884,74.8549538526747
206,0.9510549513603117,15.521681621991888,0.2649329120542121,0.19077586677175093,0.25196575778746444,14.370800477491196,54368.318127609324,0.00024189775746469023,0.013859720576405955,13.151574296325405,4.470227464008616,14.656541198657274
207,0.9471229667872297,9.812554814733161,0.10949394448713486,6.462554154510093,0.10370422954789141,222.7755186826342,57612.51690935846,0.003015307605706403,0.17276439974067426,173.71959204339905,-27.38747007029098,48.03033872618368
208,0.5609577420561317,8.745740429292853,0.07930618335230484,6.194500434634465,0.04448741754439851,176.7782906257451,60157.78676625682,0.0029323866380362475,0.1680133782600336,176.40601649523816,-73.66809347741736,88.80077570271172
209,0.6994552002419122,9.93305861791538,0.09989726648156294,5.410766756425469,0.06987366253048127,158.60002920978567,74906.57506857242,0.0014066873687397007,0.08059724932314782,105.37015035978227,-50.55401951673393,61.31479083784563
210,0.8713286579176989,16.72265379697058,0.3121023183357754,0.18809422969395762,0.2719436941685136,10.860558786485187,67531.53275845546,0.00010356618238820333,0.005933905151126167,6.993983044868554,-12.53020135084078,31.94300018395488
211,0.5081300617976229,7.89457765482927,0.059235512587670396,5.771929372331897,0.030099344671786828,275.3180184397706,56169.36716394004,0.004233739511096597,0.24257540554361554,237.80682429040178,-25.823170134417175,49.6789925315003
212,0.3310664447405345,11.62225037927574,0.14184284252354484,6.0240941516480895,0.0469594055861615,209.68861794424674,41951.57881980451,0.00190152403781867,0.10894930200968453,79.77195958688316,-37.32180138878243,66.8141491632164
213,0.2881502000793268,10.568463489092096,0.11606226657220323,4.221305827458137,0.03344336533444052,143.84047762281008,72835.23177800616,0.001950638429187987,0.11176334934850014,142.07524715457362,56.10582131885069,78.99142252294922
214,0.7942327723958041,7.6679230299466195,0.0574749669468675,4.863336721915286,0.04564850234156778,130.03159339752966,47279.98710889851,0.002203531790813572,0.12625307163652186,104.18299681921675,-34.48778129181656,79.30586754888371
215,0.8608942657000663,10.207563084348099,0.10621313742029662,3.268658182140223,0.0914382809471465,89.156482670273,29176.54963355793,0.0026311737171422762,0.1507551491580011,76.76861484229387,17.66270624901286,63.46572219841155
216,0.9303821749948914,9.975267927802204,0.10085561388859708,2.2384755759947343,0.09383426541011793,76.50914163740207,54283.80538745852,0.0008648188282775964,0.04955046890375537,46.945659895564646,-45.63040608503678,71.68029193501847
217,0.3506034591798658,9.934038478151901,0.09991945086422302,5.001493495651709,0.03503210511234922,177.22648665408792,29865.13955684199,0.004371697535954034,0.2504798181179076,130.5615649498522,-39.92946496658189,91.32626606732808
218,0.7049593793592255,13.007999416787188,0.18592108856959608,0.16172365088852803,0.13106681520781405,13.429352855100937,56351.968632372096,0.0001749611865896541,0.010024537570188079,9.85940732373366,11.230649778441489,27.23371024279563
219,0.6374931391966252,8.978954204810485,0.07948814366368867,3.154673406005715,0.05067314623307722,93.62056786237355,50551.23744113436,0.0007383756804391917,0.04230581018426607,37.32580603847232,4.812747793747846,131.36144450416015
220,0.941294355072859,13.238441145170182,0.21057762157687127,1.6638271429209994,0.1982155264949776,74.98470167809434,64545.591000663095,0.0010152591827241662,0.05817006628199598,65.53050959658593,-11.677985286878027,39.281364187118115
221,0.4915586915105708,11.752628808462202,0.1615819760685611,6.011773394665466,0.07942702472795425,135.68935669001192,64393.62736513077,0.0018985399266093805,0.10877832503179456,122.25390929345723,-69.31479427406931,88.40805958685041
222,0.28349211817739356,10.776530334229381,0.11992757164744057,2.651286223732267,0.033998521314204055,100.99289998156002,57311.803840447436,0.001324023527795027,0.07586096011867728,75.88218779049124,-45.97587695519377,72.88028029610838
223,0.39127026670805826,8.552902245331486,0.07423418528237158,4.93602341594758,0.02904562947428894,217.03920524005164,55225.20447369201,0.003500314817253355,0.2005532659957233,193.30579887365462,-1.1835786687780399,68.69163513966284
224,0.30363502961838046,10.076414563855064,0.10702448337100183,4.14496894286803,0.032496382178246006,113.88561984540118,30402.265704227248,0.002595245325380415,0.14869660394535383,78.90138223523617,-33.76121342939972,55.67518915540636
225,0.9119948938102437,6.142393269298138,0.033543972486293296,4.091565152132515,0.030591931625610788,222.47210597195834,71132.03010385642,0.0017668664242913488,0.10123398907526528,125.6808283782322,74.3614617289472,74.21469228717847
226,0.8080554758202547,8.222258545002967,0.06585821145101789,7.023117272664496,0.053217088390723206,283.4365258135777,47234.27838177365,0.005983003880542084,0.34280087116545516,282.60371386803786,34.23329292738737,55.60834463148676
227,0.25397225491101166,9.397734643999792,0.10359308215541042,4.765887439233348,0.02630976866819127,164.69635087381943,62251.55824038558,0.0026435126921854303,0.15146212035149106,164.56288014942677,21.464816593284944,68.06229292296949
228,0.36219195520377906,10.81049389497066,0.12077264812658708,5.167408400592742,0.0437428815601066,194.39973331398096,41906.53647154874,0.002965183738701891,0.16989251370844066,124.26067153567713,-41.056162515701516,64.3893866325856
229,0.2897496147938781,7.784811486738918,0.058177409232083546,2.92508412787159,0.016856881914702016,161.74115261583245,52141.64743660008,0.0026017859211184503,0.14907135247664452,135.66148073213515,-68.59137253488268,133.57842585508703
230,0.905848197039103,14.368915473390619,0.2399333742040422,1.2852137582225367,0.21734321443224006,55.244486213650376,48405.34941130971,0.0005716367482896217,0.032752373091577504,27.67027729078546,9.700614658532281,18.648752055411638
231,0.5889161706529121,8.550549032134153,0.07111098173545548,5.803021632854235,0.04187840705501362,198.87964617274898,35043.1819268664,0.005587319103729937,0.32012980343654324,195.79794920629308,-37.424646956045166,59.96778552635442
232,0.2865791341452298,9.612204368958475,0.094067084946903,5.15426194241943,0.026957663755649237,183.04526909396452,79275.80871738793,0.002307772487428728,0.13222562360607396,182.95061147339936,-71.22221259896185,83.67252755908535
233,0.6746696804156549,8.883191168677817,0.07757305024627865,7.136275643685732,0.05233618501852436,228.7533331836802,57095.33047136689,0.0029155184017885063,0.16704689951520843,166.46260455992845,-36.33006362106531,57.02511418782816
234,0.5714370157862108,3.025125957429321,0.17067417939907092,9.82787850545788,0.09752954374756546,89.0738746858713,29247.22880695619,0.002968903558024455,0.17010564365617478,86.83226544844594,56.676560667620656,68.23340774841607
235,0.846690368600686,13.7839600298656,0.20581762048362567,0.2768061392983751,0.17426379695179714,18.755018809639207,74380.94673887768,0.00021599048764751872,0.012375343357175363,16.065577020271768,-31.81126839990676,45.573651848774574
236,0.9999244548801879,10.435158853725166,0.1115986058181288,0.9141180027470956,0.1115901750880814,36.28972140230431,69377.22816848135,0.000475220508811597,0.027228129492964055,32.9694822906346,20.03116000689721,27.740179920860918
237,0.44511816507347507,8.410804209048887,0.07568155294874401,6.119497483340484,0.03368723397845598,235.68540041353384,51129.98818668532,0.002823367688134312,0.16176705254370452,144.35885243623022,35.8347370132895,56.59781922771225
238,0.7092159837416525,13.47656266894142,0.19801846782337018,0.6014087100207788,0.14043786245636625,38.39697587319649,58368.94083398685,0.0006426584407115595,0.0368216163212308,37.51129379339982,2.5390556097185595,54.63916010534308
239,0.33056148302837196,9.70585915695294,0.09481915570107251,5.6755965108677175,0.03134356072804464,234.0690230799112,52280.77075420518,0.0029090394468249234,0.1666756827401398,152.08693168751353,-3.3782831724331004,67.00499133851142
240,0.9176872425978693,15.36288091064309,0.2651187342144277,0.3832322167266179,0.24329608016227555,16.505860932401863,36071.00203110078,0.0003618586020027625,0.020732970675262488,13.052602510240376,-4.939438292054547,60.90448142243165
241,0.35264716512686656,10.665538636920795,0.11718659945313825,3.184815019078757,0.041325522088006814,91.16486809448293,26194.413346167763,0.0034761770192889164,0.19917027204562146,91.0565094001597,-69.84752125925539,74.5379249519693
242,0.749297718967759,8.31524812615583,0.06671858328514732,6.914261276474877,0.04999208226832134,226.27410610264218,28390.037385016556,0.007507049949186784,0.4301222786823018,213.12642961872427,39.46893646371835,80.2460508526182
243,0.45033774934294646,7.819371973831181,0.05794771827510288,4.431435165765682,0.02609604502756896,139.10273003788967,47865.49215065714,0.0025680726674457395,0.1471397253275443,122.92212966187395,-18.869382096542324,61.4213249369464
244,0.5637735562028993,8.269858494035818,0.06622524747614777,4.162827106855385,0.03733604328004491,128.52511741138844,62137.20762568197,0.0010786135082630217,0.061800001749270285,67.02203800863099,-121.65054493679781,149.33482203002671
245,0.9658628395593363,13.521506718065945,0.1974644771869412,1.6380042708796458,0.19072360064787883,51.02907911273198,17029.971066239166,0.0029956377626143183,0.17163740074781322,51.0156625728176,53.06006219473182,54.84695532580741
246,0.5700988120804695,13.655437844532374,0.2017075773578728,1.4783396705399934,0.11499325023935271,39.13166399000055,58248.83185632778,0.00013946894730137722,0.007990982053501407,8.12390327370553,-64.48283631645262,65.55818795203118
247,0.8284696272536602,2.257989541879614,0.10339881892732794,7.87003820963866,0.08566278097519209,65.81115646698419,54812.107918621565,0.001131010179370285,0.06480210986425153,61.99305861708125,-11.02428925603246,49.60950066806393
248,0.9268526593303051,12.140648534666095,0.1561612735899884,2.2361953947654616,0.1447384917112881,69.54792220207518,59127.19082006651,0.0011478849179011924,0.06576896116245932,67.8712180327051,-5.630676877398223,51.5685066899739
249,0.858571235184262,13.425031312278564,0.19443342689993934,1.8889123724032757,0.16693494749458984,37.00792161321169,75722.00777981986,0.0004786239773849618,0.02742313387792327,36.24236923102199,8.676370939136447,80.44016429222343
250,0.7077922361624546,15.094820151541626,0.24981791356233932,0.1838104428180664,0.17681917967372693,14.838736967229835,55563.466697784126,0.00022638291399857603,0.01297078552599149,12.578619556627581,41.18476417134347,95.00423292724695
251,0.5517398102470734,13.681308407328775,0.20253188491011792,0.2395925239929591,0.11174490374929058,16.923447822971738,56510.316842837696,0.0002991075611593139,0.017137600874879835,16.902663177218148,69.1356869178125,76.6210832344755
252,0.6370600334193982,13.827620124197443,0.20722233391635136,0.5072793902145715,0.13201306696999648,21.823059587019777,46999.40317029632,0.0004069119237647904,0.023314335865271592,19.124617823705837,-2.9407574955581737,56.62748782020232
253,0.7682053240706562,5.141391421898931,0.021890724291322505,3.3704460916668397,0.016816570948356792,204.45311023415687,52484.84354839564,0.003888249659932254,0.22278029520729575,204.07443218673896,234.63738716569995,697.3094071757056
254,0.37398102670005523,8.597836439539838,0.08402047733124177,6.0021669631656165,0.031422064376166514,193.69577798720294,43036.39727168244,0.003544890722607965,0.20310727724051703,152.55948518128017,-29.33212942811039,185.02343941919227
255,0.33882619015499477,10.26018904062862,0.10744642460684793,4.268083242951926,0.036405662695314166,141.25997376096967,22687.5759905214,0.0042572484249573965,0.243922367088776,96.58679303136684,-45.509149362775815,66.01561560460367
256,0.8327226724663284,4.467840281988549,0.08326832699997652,8.456599300577114,0.06933942379122057,126.1240731632522,46963.47998352208,0.0026844743512496536,0.15380905053772487,126.07233317186578,-16.375292597643124,63.334222631808544
257,0.45660424485592016,10.075826084575084,0.1031575295520654,5.135437644685937,0.04710216588232309,199.93109864752222,51316.8534992631,0.0038800451106664937,0.22231020916156052,199.11195631306194,394.4451338916748,429.65540231778004
258,0.8195258977430367,12.19285424916414,0.1576398300204133,1.2479900680251412,0.12918992321753892,38.30996056391697,50126.91190908503,9.225080841125754e-05,0.005285581978635013,4.6242481500524315,-8.54629207505397,47.86205111836197
259,0.46418039609503947,8.272434850692186,0.06593532351260036,3.4245541569473543,0.030605884584733404,114.44113585478061,54496.964051024086,0.0017202671524938198,0.09856404747288386,93.74936028713692,-67.49660104363022,80.55923833231483
260,0.8873571455838878,1.5827433563876652,0.2345187286833652,13.854890085090252,0.20810186967043318,50.90116060610621,60915.55155523394,0.0007123678028401155,0.04081566856374615,43.39427945529607,12.331949743987423,43.03989131808621
261,0.2515964525325411,8.572545908952414,0.07152916683032005,3.602817975774359,0.017996484627116834,139.65059701770565,60054.694545095466,0.002026323603573497,0.11609979041250153,121.69028670035776,-32.26165808087158,75.67212380598419
262,0.4527222434820292,11.028460003402616,0.12626619029173072,2.375968374754075,0.057163512944801154,83.00603310430586,37386.99978966577,0.00214524128348888,0.12291327158114058,80.2041661732833,26.443766184304295,68.4356380147501
263,0.9251723060452507,8.066745856042663,0.07159771537246735,7.235166911780394,0.06624022343871712,250.58467530520645,25139.552534380862,0.007047397762775535,0.4037861483569767,177.16915955947593,-533.4318548162205,915.0084349899579
264,0.6596870503445762,8.071421309843647,0.06232349582653631,5.93040064791152,0.04111400312897025,202.09093686456342,75456.9388457317,0.0026708579998457895,0.1530288910699164,201.53488856381057,0.629566341977096,52.2730824775334
265,0.5350810886609013,10.99204186461195,0.13056798938328237,2.690651510400268,0.06986446190347174,73.43352875372706,60438.75539629301,0.000690378319933071,0.039555763999497444,41.72560806661796,-42.48411473545684,52.922813267900494
266,0.5696478006588332,8.637423637802353,0.07472442963315717,3.760833461481032,0.04256660699601373,145.18185397842674,49435.097794481015,0.0027503036441881234,0.15758079119142954,135.96161531803406,-15.754839388564818,88.2392355231771
267,0.3596916253328443,8.422504106312681,0.0687023625358085,4.901420693500294,0.02471166444471127,260.2512653113975,42050.13049358089,0.005792506729057377,0.33188618837611716,243.5763449046715,-47.98896024762861,50.77818521176411
268,0.8120261427103503,11.494623583468991,0.13842003771024902,0.13673252937256639,0.11240068929567475,8.524963228536588,47118.74727262281,0.00017907385412007414,0.010260176062221635,8.43773569796635,-7.097710231238636,65.56761926602849
269,0.25818367249260293,9.072979960006565,0.0816158295870789,4.306006368226558,0.02107187461632247,207.77516037309778,29240.76424914458,0.006187387817997294,0.3545112081819045,180.92452571050373,-47.64986042763251,56.42115831330954
270,0.9311223725418106,13.42925343993564,0.2086722721667241,1.057025110049342,0.19429942114357057,36.36072552878934,56169.89890003903,0.0006414318778013829,0.0367513394431704,36.02916496267039,1.7901815791069566,14.451999837544728
271,0.9371189848462578,0.335397531509681,0.1859789491625216,12.765268607937836,0.17428440404195603,20.921390798030682,57596.64780409221,0.0003548081147086199,0.020329007509797506,20.435758235292415,-33.82486085041242,35.06762287328835
272,0.8779075371574353,13.147816743898575,0.18584343737323053,1.1856952071154685,0.16315335440120488,36.71389453708747,31320.720703909057,0.00075544585885697,0.04328385936314007,23.66110987746376,-26.40466053885092,35.499767784102694
273,0.8786932319238985,13.79834820747657,0.20628006538423668,0.6867961912405748,0.18125689733394804,17.660006014134346,52998.275930369244,0.00032162387164995175,0.018427690436199524,17.04551084243283,69.33492503663467,80.51237573706389
274,0.32193898535155363,6.620907875018236,0.0394681247834185,3.8306488552943843,0.012706328046502258,255.5542430446989,51362.153246478294,0.004742720802978444,0.2717378854195617,243.59680929806228,70.46866461352036,90.16476074120584
275,0.7275617246076433,1.930590044758754,0.07956635799615928,7.815947390461447,0.0578894366444348,73.28556886939832,57346.74401763773,0.0006215565519641881,0.03561256715625182,35.6442456255202,19.955456892428813,29.504449992317383
276,0.3152876667088401,8.144849586317875,0.06782401003289237,3.240387595294674,0.0213840738701076,94.93390618488804,37937.22405782801,0.0010204489642699547,0.05846741886116454,38.713004356460715,80.37386563840099,90.4890385529801
277,0.9087247028103688,1.9788944443172503,0.058484989857649015,7.530784832188821,0.05314675502725953,77.77627001700141,62727.0248385099,0.0012384750956500555,0.07095939601280912,77.68586801639901,-49.421239170145185,62.7878323439891
278,0.2888580063892994,9.003582344246643,0.0799846038158436,4.80389045972123,0.023104193200082532,238.25570636754355,34365.72887641845,0.0016364367833131748,0.09376092112380935,56.237355368692725,25.9979312658175,53.45320139576886
279,0.7027273524281569,1.7650133746191925,0.04894772211744993,6.240113914136096,0.034396903170984726,57.608183831623144,85867.168191089,0.00023929890898422674,0.01371081752688141,20.547919763747313,-15.849743063416994,112.79010864320618
280,0.4773649492720196,9.567616504661306,0.09179579713630379,0.361022601305013,0.04382009604335626,121.97096112300486,64971.05970037778,0.0016340023484330524,0.09362143827967888,106.16288775152356,-375.04074789931076,447.3263175135276
281,0.2691101032519594,9.467962184485906,0.08964765987279465,4.126498014271559,0.024125091004664305,177.50510191081494,67532.64248401482,0.0022946823028717534,0.13147561127791196,154.96602757290498,4.178907637803434,60.054205526102216
282,0.6192237980260342,6.572795470344446,0.03979013964814991,1.3020336363989236,0.024639001396913676,56.15560850841393,65977.35251184492,0.000535168215598226,0.030662880083325666,35.30898285638168,17.219639652595617,37.72602779354843
283,0.2571797821832947,8.25677186928212,0.06564999668513176,2.859050910100495,0.016883851847816204,86.44300377584624,57203.46983926336,0.0013607520393536872,0.07796534881878599,77.8397502528577,-55.09876718072417,69.12941418244732
284,0.5142218908971503,11.874682649173742,0.14873224430025223,0.3039101064469141,0.07648137590145261,41.43981632721107,53522.82123316839,0.0007740267538102877,0.0443484662235411,41.428097642235585,-0.1465194449248628,29.648404703394817
285,0.4564573516007206,7.417053468184447,0.051316009047987075,0.7296872941448797,0.023423569584762795,54.67590472755175,40542.89985235501,0.000723144726045306,0.041433140779540176,29.31838548445576,0.9837106189161204,38.9350492302257
286,0.25147051965214196,7.9024827054443,0.06027970418281127,3.622244479278213,0.015158568535328943,125.04278882863579,62076.22097243137,0.001978127857744875,0.11333837758603621,122.79474205031038,57.77234407503735,74.99702878418695
287,0.3249337497287976,11.915290535182631,0.149855270774421,0.9868079524213387,0.04869303504935692,42.94668504541383,40437.336968714575,0.0003943340170400438,0.0225936748948344,15.9458177319054,35.944505726013176,36.427427139269106
288,0.35908973959983426,7.9276317475924,0.059806323116244675,0.17355190403594498,0.021475836994235848,22.512626632117676,28485.651062060853,0.0007044093503983671,0.04035968282737839,20.06555978999926,-30.497780625640587,52.02876534736095
289,0.32750953323420023,6.486802879673632,0.03767233066914838,1.955516471389757,0.012338047433297231,105.51787869002264,79489.78516343996,0.0006153441892158625,0.03525662498996847,48.91357894576105,49.87355096010643,116.48413565756486
290,0.8860130842985128,10.240416559174873,0.10903380717380853,1.416853264717708,0.0966053797868754,79.08368271056236,44403.364560453025,0.0017806481660792581,0.10202362471405158,79.06679056379524,20.08138038180821,32.76323557401015
291,0.38807145152146794,5.6614649130385075,0.027420361422620804,3.3052199211379647,0.010641059458519718,162.60243973923986,57629.437166497526,0.0021481696643129433,0.12308105544316647,123.79785629930764,-11.840151700622386,43.024725211344425
292,0.2870904432983142,7.924737217928197,0.05975622310965169,1.4301405074077613,0.01715544058238287,90.00610255797915,61115.77118567805,0.0013316026335589515,0.07629521089143344,81.38193388813916,-461.8209218189867,481.7516724746825
293,0.5121770890604627,10.033920165321838,0.10219502115182642,1.048441038112004,0.05234194845001487,96.68772343683153,58578.75964959788,0.0015566791963347003,0.08919114800579518,91.18835490796968,23.071173648075785,27.138145629866514
294,0.269412471290927,8.007075042544406,0.06119020135717622,2.2493274225258073,0.01648540336642628,81.44386156379005,55383.820314374694,0.0006951367036712294,0.039828399304997604,38.49932784034195,-47.767349466437686,60.48479771662007
295,0.5226310727737256,10.460060819046385,0.119213399520713,0.3263873664333928,0.06230462688051298,23.301995153382986,38607.33607640916,0.0005743085756916286,0.03290545752529991,22.17252480272153,31.7318956142621,64.73790004792812
296,0.4552975148881697,7.130647078706411,0.04685903801019531,3.3409475118740137,0.02133480355609221,146.71341667653715,31279.36403851975,0.004623082328741554,0.26488310577840324,144.60733269723366,-7.304194386427767,83.66300636737199
297,0.8926762586593865,1.4765564586548177,0.14841246932121083,11.269585164838531,0.13248428785205946,46.10116340642903,60563.39247665138,0.0004453491986688693,0.025516629493259432,26.971858753935596,-6.233746477098435,20.859619125233678
298,0.6392966058040054,11.497476581700756,0.13849609191634904,0.281480999164677,0.08854008147924149,9.581301987576792,37605.85315993991,0.00021363561768733194,0.012240419247154521,8.033949699038773,8.47504944811243,46.213857679163254
299,0.9807075911184163,0.22384993333819345,0.14943138646696838,11.795292852338099,0.14654849505950568,9.118644631621093,41839.73863629888,0.00020903470959174046,0.011976806631349556,8.74595764707965,0.6734484862319192,58.79472170205966
300,0.5451846198629305,10.974319205721958,0.12668188574316847,0.7787153261194266,0.0690650157224085,29.37438359700868,59922.48794819234,0.00043833364346544863,0.02511466778916238,26.266042888400793,-41.514990724217746,48.50710650505302
301,0.6924248557161408,11.28567824294724,0.13431442806267294,0.19131947098701868,0.09300264847189228,14.091575270954683,45487.98088097383,0.000292831041404378,0.016777982782891523,13.320292907942619,-67.04244387175237,68.61591284645365
302,0.35824381914350906,6.118707682201564,0.03286048988754728,2.093933344520859,0.011772067396241596,71.49798018549839,42692.467533838426,0.001612825614421524,0.09240810079694717,68.85552010705324,41.26702372102433,58.309632145895016
303,0.8238106897792479,10.471745230013338,0.11247687724955707,0.8243523870276109,0.0926596538311734,31.30942400738884,57342.116412495336,0.00047596194187338924,0.027270610478196212,27.292665594060743,45.27939462101314,55.59655417666662
304,0.7146175190454348,8.218867045994667,0.06564338554330097,0.7535804504133236,0.046909913318696705,45.84638848308516,63749.88358840923,0.0005671412476589299,0.032494799878640464,36.15518948554926,42.65329240845392,46.14654813802277
305,0.8523045923316257,11.238790663569102,0.13395185758078765,0.12065899611434508,0.1141677833674572,11.270735409186672,61175.263684816855,0.00013011539780424789,0.007455063143849183,7.959843781359728,-8.97831704502363,47.09867887371552
306,0.8338482966320563,7.881874667883694,0.05901692667765417,2.3859494690491028,0.049211163782620894,94.86464292745917,55512.64400493357,0.0008883371316342369,0.05089796842739923,49.31394618775429,-8.483500081101681,53.64408581166429
307,0.9278702935618749,8.432935535080636,0.06889694070315878,1.1284921702150401,0.06392742459575503,66.04699350034412,76860.27126000708,0.00083784210256228,0.0480048163751857,64.39677504309229,19.624464772414257,24.10095217665744
308,0.4764185286421375,6.471719226549958,0.0405119566939648,3.0430048871328954,0.0193006468005527,91.0736374235515,41027.35802374164,0.001366115169150597,0.07827263352112976,56.048104863150634,-3.9844330194218998,87.10504184353196
309,0.9718553937981003,9.00405819591323,0.0799942128792768,0.7331205885565876,0.07774280725935862,35.38116955522411,41261.71733846881,0.0005984698890149235,0.03428979880621791,24.693896133161836,-17.192701250166166,32.3221965216452
310,0.9872937248585647,1.154643598122339,0.08159292679890214,9.031837796756642,0.0805561846214003,56.04763022297522,39529.11637553327,0.0008933555361199195,0.05118550182431836,35.313557300610334,-31.30325424289918,33.907062595053546
311,0.6082181843447867,6.854465164756719,0.04276868107619299,3.513053063977458,0.02601268955098334,107.34651655574835,63934.695388357286,0.0015759319019010953,0.09029424677895764,100.75674695380557,91.77671573570423,128.72818566788695
312,0.9821399654097014,9.309675336623213,0.08628965471705763,0.408036556784509,0.08474851849902605,24.60994996546285,66542.5215654549,0.00025985143657412637,0.01488839061610884,17.29116991934388,-35.51825749103956,38.225912629744556
313,0.6022052166407057,11.954741172463907,0.15263040389021992,0.1940206639140906,0.0919148254406683,11.652806568018043,54903.47720262206,0.0002033141849325157,0.011649044711775464,11.162655755864302,-35.15376704183131,59.017406615016924
314,0.3315367163867744,7.8153751014008925,0.05787970176032178,4.454963778126088,0.01918924626706289,212.267346738325,56361.42727692092,0.0034978721578215128,0.20041331191949088,197.1452682548955,-9.053830118366506,86.54451012847652
315,0.7955831423998357,6.731406826518228,0.04101158915551767,1.179307813590911,0.03262812897515777,101.70205448143436,26176.13611904624,0.003044739217157697,0.17445070686110228,79.69956976614706,-5.430834743416746,42.2311559018914
316,0.9445784898465283,8.15509306775598,0.06381375572489881,0.40932561501592246,0.06027710101406016,27.69054619199884,53676.808216857185,0.00043981351118502936,0.02519945796373201,23.607785871610886,-5.211454169752699,60.644972556722074
317,0.6037718960430067,2.778600301931205,0.03405208244201848,5.0054921278884565,0.020559690380230276,113.47089890440915,50834.43650984527,0.0013551220233989387,0.07764277266598757,68.88687500330052,69.54169998801729,79.36997701518995
318,0.620816723410901,10.349919460218917,0.10956587343854043,0.34992594369787505,0.06802032654576814,11.429317736044299,38996.188459565805,9.581290338475166e-05,0.00548967498684099,3.7363380401082797,-10.807804036599496,74.97428616101408
319,0.38610238169404854,6.9014329913094015,0.04344994222293888,1.1268843230435304,0.016776126176745502,40.85649196064477,73951.51968639687,4.077956982165725e-05,0.0023364972411400193,3.0157111608870024,-81.6408329997641,134.36705988978653
320,0.27535155823895213,6.6324655799201215,0.0396280513520568,1.9288657863899639,0.010911645689762052,64.31354142659127,40367.99136608329,0.0008134571322287541,0.04660766049152294,32.837632301245236,16.10677509508841,92.59672343815008
321,0.35018137074324857,6.582376560631283,0.03922257081940921,2.884737749102547,0.01373501361361486,111.87251688584445,58669.83241906662,0.000975848928780626,0.05591202506149232,57.25289766128959,-30.915858703857566,78.51482979005795
322,0.6151922686659843,9.623066598347657,0.09691491155337505,0.3199968272547895,0.05962130430608401,17.619603290254197,59431.25708239841,0.0002620459426570412,0.015014126552775647,15.573719874568164,-24.16271402971381,58.67842070080742
323,0.25018217508484386,7.236697943399957,0.048483796142512955,1.771114447632827,0.012129781575304054,56.2578008749589,39561.65608139672,0.00030051075615402956,0.017217998025910924,11.888703273195334,-62.75695969368744,68.83428253674424
324,0.37999780036877373,6.224278471693022,0.034194301098638816,2.684296145353269,0.012993759202630293,113.05890356220155,44447.92727053791,0.0014572257383234594,0.08349288460376952,64.77067509550514,-79.26362156168557,91.23083268872337
325,0.4828412646884256,7.479223206854866,0.05231246634098604,1.2096616593229408,0.025258617407052396,51.766627885022636,31375.412939636153,0.0014540500240641375,0.08331092957977088,45.62142797786944,-41.65075993158837,46.89587209299424
326,0.2578484130164127,6.944296949199072,0.04407680285185464,2.3997877071415528,0.011365133666188012,87.34156138055567,66816.33138634017,0.0011681179456128816,0.06692822825711035,78.04936462726154,-44.10663030617962,71.83747775705254
327,0.28204193140095973,6.907391695980481,0.043536789916371534,2.5892736357786608,0.012279200315011255,118.91409701679923,39916.30170705766,0.0014541402984087053,0.08331610191871291,58.04391310361041,-34.63803780429839,133.20953662987193
328,0.2608774484496005,7.542181338819037,0.05333211392528858,2.3806329177550096,0.013913145801252693,94.88575529933215,63625.743722779975,0.0009928531635143914,0.05688629594558684,63.17102612539368,28.228616814022075,63.18897076288369
329,0.32739220325764706,6.913893828886183,0.0436316685913821,2.1859631272308375,0.014284668111940065,79.25463812489957,69036.44860509106,0.0011480082171254,0.06577602568762365,79.25441898406767,-1.1009103044452786,65.1700025073709
330,0.8202904550532224,8.766415339498911,0.07527084534119695,0.5097149183590363,0.061743955977171174,34.250689071744496,58217.79749839124,0.0005877353611247032,0.03367475566304281,34.21665922156501,19.267007109518733,32.17392288106068
331,0.6693355789983435,5.046750790325984,0.02682895092496547,2.8605198205520455,0.017957571401279907,108.93627026603112,65850.22506936986,0.0006241348809791355,0.035760294527004424,41.09942372029114,83.54562291493778,426.90971656210155
332,0.3112265933344782,6.459938378189038,0.037277632370060175,2.5475002299517984,0.0116017905301089,100.33934132895065,77012.4960776752,0.0012354964864939371,0.07078873427934451,95.14868042341716,-49.27671741982232,58.146884389581935
333,0.9869297539897588,0.19663813404886288,0.07558182699756563,8.731725330651246,0.07459395392480396,9.682413866110307,64780.94900863772,0.0001303370311226368,0.007467761797592347,8.44335657904556,-11.319812340571247,50.24533313904892
334,0.9456824141191917,9.00587572402436,0.08003092158679065,0.3554092366539837,0.07568383513037992,21.87862629586566,71082.80936185876,0.000179406737136078,0.010279248854110244,12.752734928282726,28.145908056319,31.4001314283081
335,0.6741052503324323,5.198186359681455,0.02246088884193654,1.9016723770781325,0.015141003095482566,108.58335156498879,44388.714181652555,0.0023650774951931392,0.13550895869593912,104.98279788749922,0.0571529895951528,52.94022592115624
336,0.5367856321531139,6.322603786030385,0.0354629542392694,1.7328384811631128,0.019036004309343175,123.80852872500434,40936.76059596827,0.0013138520534473539,0.07527817756713004,53.78485470747956,77.60006186325427,160.08279625391137
337,0.4644790218446577,4.485965232635128,0.01589901372542772,0.7534488168901703,0.007384758343481456,54.204918874346816,37421.08104850398,0.0011429774521422395,0.06548778408636635,42.77145652960425,-0.31902761921263334,98.47687432393349
338,0.27059216236275924,5.528942335662076,0.027855367767775904,2.1922632343550155,0.007537444197692388,100.06815517460701,63701.82333468362,0.0005303563808314103,0.030387182259472803,33.784669268051395,0.05992663663431852,61.75207719718964
339,0.36955090858945927,5.062579897465803,0.021113123307859756,1.6457079996357353,0.0078023739015808625,81.74743622783774,61906.074875753526,0.0011820030956383287,0.06772378875147445,73.17318066133754,21.153144489345017,102.69710355792277
340,0.39486039743802004,6.941012446423495,0.044028596250118304,1.8069678645307137,0.017385149013959832,76.88315624706112,45402.14848184714,0.0016422443167632844,0.09409366827988168,74.56143707063119,-21.765033607393832,38.462982867672835
341,0.4832060948913662,4.416168844731536,0.015323913079630604,2.9178669856014876,0.007404608197663033,120.62348525733594,71109.45068504864,0.0016733098726298503,0.09587359351926378,118.988173632148,49.49059538338622,95.01180552113624
342,0.8175622345571993,8.744892202579486,0.07485048721902837,0.4087057231906455,0.06119493158848393,21.743949699361195,34200.155127888385,0.0002448234438737707,0.014027350059825052,8.372999801248936,36.30821593124057,43.28840861135999
343,0.26363393563358545,8.784205574956939,0.08049355598227226,0.3578454687210322,0.021220832956748772,31.044499333536276,43150.93788689666,0.0006541739102066758,0.03748140412241262,28.228218773230164,2.136890559348535,7.477647460101522
344,0.2599562312195572,6.993072448946713,0.04479607828239363,1.9534215977806448,0.011645019683707302,102.98544377233871,56693.63459827282,0.001217165897904843,0.06973846891719876,69.00556718056707,24.22380890569019,39.763191179454964
345,0.8473987810480811,5.2983228668266955,0.023486194888318875,2.1481170814791226,0.019902172919819088,86.88285857826439,81410.70939770999,0.0008097654505955568,0.046396142714634776,65.92358338102541,-40.60945725680591,66.78040216218272
346,0.9219067803279615,5.996722825903227,0.03135573430193095,1.824474243206861,0.028907064055112182,73.80276996483143,45515.796394460216,0.0008341924855772092,0.04779570872510188,37.968937529130486,-35.155702397060644,70.79914067099868
347,0.3670807443105314,9.440709821657688,0.09390305684927552,0.5110234224518245,0.0344700040012662,37.68482888155452,52114.07044687875,0.0007229721847569074,0.04142325489192319,37.67702500866851,19.8279377860097,32.198869854963256
348,0.7243397229558202,9.98448438619068,0.1010654861702728,0.2753242282766067,0.07320574625297067,12.439927559890457,56371.13787010876,0.00018454237389316377,0.01057349916540351,10.402863631131924,-44.96159940196213,79.50068424078931
349,0.5729666693449134,7.326383311944899,0.04988129251355916,1.675631572688474,0.028580318034113355,69.25932956488839,51284.24675160393,0.0011667300384073198,0.06684870703187587,59.834877969753244,-34.27230089355753,49.2187382045083
350,0.2799575125203727,6.515926972651925,0.04481414675190395,1.7624132605756249,0.012546057050385969,70.73694597744414,42811.335462645504,0.0011985931145650573,0.06867432681801815,51.31337805403733,-36.64899123254115,50.57496808279507
351,0.3482320179427716,5.382300831062941,0.024365823769680304,1.0698775045633104,0.008484959980153722,73.9426722077294,33272.921348272925,0.0012580281935538797,0.07207970599910435,41.858278658559435,29.758186594705535,32.381734403430386
352,0.5682508677779564,6.394766409699108,0.03665575983197324,0.4806560262100585,0.020829667333579154,24.065815976140183,58165.75046055681,0.0003903319325400959,0.02236437234373266,22.703950073176742,22.611108900912654,34.869899154277206
353,0.9441019925586079,8.735037990330172,0.07465844316025762,0.29691980322941164,0.0704851849489228,15.237466616854848,50125.02831655805,0.00019246274009104738,0.01102730272074032,9.647200326725326,14.865317852282026,53.73794568048882
354,0.28808026803419495,7.308641647145148,0.049603131003163776,1.5092214582098034,0.014289683274726708,69.8632461210745,52559.719286447056,0.0006007129352557244,0.03441831588906848,31.57330419822996,30.350775034467375,57.32233494063477
355,0.31651825042620074,6.3657338266566965,0.03602749326916239,2.4076908219694775,0.011403359136797003,102.21309111262194,56427.68291607407,0.0016027863940851744,0.09183289584207242,90.44154178909243,8.481233152978234,70.55239384177057
356,0.8461168986183701,9.427540134039115,0.08878380352643342,0.3871028670386153,0.07512147648732856,27.33813208102553,30434.00438813746,0.0002939611658408368,0.016842734143425214,8.94641547556604,-39.15101148770054,39.16113531466801
357,0.5062594309699878,5.9624593941412884,0.030940090404486205,1.8379613999106872,0.015663712562335168,79.4299614739313,52518.00976063297,0.0010640582608388216,0.06096604750209496,55.88222740119668,-37.436741752177014,72.58088314539627
358,0.9862381736288622,8.918873708368508,0.08050795000873649,0.4545162130253907,0.07940001357922002,50.25342089478117,53877.03431633051,0.0007473500376842036,0.042820002978247895,40.26500550073086,-1.7232719348204881,12.309148894673042
359,0.31233522611668024,6.535995101590828,0.03830406508491404,0.8968219209428308,0.011963708829484663,58.11090510266217,51594.68931252736,0.0008910672796948245,0.05105439438871673,45.97434249438586,2.238131232981857,55.46155289181713
360,0.290395157859529,8.031183687113787,0.061613516857683,0.3350231766806333,0.017892266954167606,36.908072444051385,67587.624958498,0.0005189503287245603,0.029733663612843998,35.07462097708539,-29.836562594480156,43.709423275558876
361,0.7914827390222546,7.746802482909075,0.05671942927759767,0.7074639302353117,0.044892449240412066,40.18073129326736,49759.59792070202,0.000755832650727532,0.04330602090487323,37.60993058603324,10.109927234930069,76.52830881574016
362,0.370953068493388,8.68182496261484,0.07362589129520475,0.80272515755612,0.027311750296516824,40.38682181863285,59998.45164492258,0.0005628129186933069,0.03224680489656604,33.76790457871368,-7.354262272424904,41.46170661590823
363,0.5924392845124629,8.48468510774444,0.06986654230109775,0.520101560052602,0.04139168433222207,21.909547551590506,72398.18051157678,0.00012438081375984662,0.007126495680841928,9.004944618371503,52.696175303398576,82.15463879462818
364,0.4572534866195184,5.544757716311513,0.026240966598029655,2.496745651860064,0.011998773469215383,86.77720876253237,32059.70107152428,0.001907458820818052,0.1092893400278751,61.15257814312745,42.44156648050796,97.13438612330175
365,0.9058374644903315,0.8664258398557786,0.045927072563994586,6.773104384686696,0.04160246296283233,33.29726698464591,55867.1507796677,0.000485642200187233,0.02782524842417589,27.13144655607195,-0.5385936663129955,23.127535135899947
366,0.29047931202205485,7.6437334342801115,0.05499919091139582,0.6474958414309209,0.01597612713771191,44.394055623619096,26367.129206333077,0.0016818997855238974,0.09636575927447767,44.346879411002234,34.62946569653192,57.17755917949451
367,0.6072732734292791,4.610555658377058,0.01695544185601412,2.0726347589056364,0.010296586678341504,71.17623612905946,10977.765236959218,0.0048091737855506635,0.27554536085700626,52.794082554018885,-39.318644062687554,91.87068964104695
368,0.8817124930995754,7.839773762074762,0.058295568401261544,0.5437978379734153,0.05139993095173315,33.81974393613924,60502.775372988726,0.00015076880772602345,0.008638416364920543,9.121931324380322,-50.12223198612217,53.422379951301686
369,0.2769781926444145,6.05415375774013,0.03238246910195425,1.94217062714461,0.008969237765222883,71.43370886819956,25716.647294983653,0.002764309072598884,0.15838324312963872,71.08880670254948,-21.25239257492919,70.22100771918012
370,0.8763935189422254,7.314280770963224,0.049691451512537566,0.9918102902721295,0.043549266052419766,42.28431982967334,47753.07818798731,0.0005801444706170127,0.033239829674206224,27.703685042716298,32.10034099889382,40.69671292931852
371,0.7160860148275436,7.19294211559673,0.04780978805950584,0.48758988363537986,0.034235920601281014,38.13683126956503,34453.35874414652,0.0006356004566468126,0.036417223622450215,21.89857128802588,16.06443107759486,27.811945762593783
372,0.408192127706219,6.81629003519712,0.04221928607213324,1.2284651913402143,0.017233580212021603,47.40481179548876,66775.01253725454,0.0005461310946619762,0.03129100678499088,36.46791159944544,49.78083966054044,54.03292775515422
373,0.992918290069704,0.7969203479599031,0.053482774033407614,7.528154977416091,0.05310402454143545,42.591029227531216,47922.429577203744,0.0004679866665098953,0.02681366085941335,22.42705847820614,-10.613076086367329,21.073337569867693
374,0.2547771559984416,6.696112852093742,0.04051507889273712,1.6922256676961371,0.010322316575344053,58.961116687339064,39034.809823223055,0.0013522437843605172,0.07747786171665623,52.78458700047816,-45.31532038741311,68.30754395895188
375,0.8561141784387986,7.3260306467304614,0.05295079365530023,0.631517546698517,0.0453319252078897,39.38791954454819,27230.56339014213,0.0011634094163875692,0.06665844940478595,31.680297434960274,-20.09355105725524,38.887212013066865
376,0.5046588629269126,8.592597143749307,0.07191149269921747,0.3231334622926264,0.03629077213696407,22.44287882288987,50499.16205584698,0.0004242426542641459,0.02430731357876332,21.42389887001381,-3.019884933548653,34.268892140391046
377,0.9810548968789077,0.5848511309971456,0.04607159063799331,7.020193178251777,0.04519875960240377,31.749988953217134,63429.99218490138,0.0004894060835678517,0.028040903056464776,31.04302467556644,29.892240279871764,39.34714596339885
378,0.25101247578883784,5.338038530960736,0.02503522165141318,1.4216697670064002,0.00628415296864354,49.34210897720939,46806.56396978699,0.001024755031845905,0.058714138359564634,47.96526614890847,34.34371270155728,71.35794725934844
379,0.7662022607669794,0.5610454371097273,0.06160043239991511,7.152960016764755,0.04719839056903844,27.878192132213922,60582.03593980871,0.00039305867616395155,0.022520603245193793,23.812295152391766,18.217774403276266,41.27015393817786
380,0.8383416776756715,7.366780021178677,0.050517790929632184,0.2207453927706574,0.04235116960041666,29.03274593834371,56871.451218813134,0.0005079428608949119,0.02910298216307912,28.887448256423827,10.297482734328497,27.72195152192994
381,0.3810700269624361,6.20248995595954,0.033916617594928845,1.7106837497054563,0.01292460638137417,56.64490460938484,45367.27319448813,0.0012447014289201032,0.07131613863102475,56.46871706188384,11.396838034856899,61.24801565139757
382,0.9345590190870123,0.9405290021071365,0.042575543843719525,6.494583335991345,0.03978935849168261,43.426892028449565,28542.844183571433,0.0015079124565461934,0.08639701963530103,43.040118445049764,0.3977998373420846,18.912357524337043
383,0.3091548908880515,7.0800632018412255,0.052972904516318794,0.4885425988572658,0.016376832515765705,25.71598681529644,26527.277000088092,0.0008858487016542957,0.050755391891934766,23.499155425655534,-9.05269523737918,33.71715777970097
384,0.9739308176131705,7.43481625066171,0.05329015668875627,0.5284370593275685,0.05190092587461436,38.01724345003756,65298.79614757131,0.0005801141476140358,0.03323809229411349,37.88075652971292,-7.119139964342764,8.79489124919284
385,0.417462518374823,5.459609832741147,0.029218820578801225,1.6712878424050641,0.012197762422768463,78.71405205718055,28346.5354838738,0.0022115075031847098,0.12671004629399835,62.68860146148437,13.156083383742939,48.069299938937206
386,0.37745487962326457,7.382468343801754,0.050766150662664565,0.2379671887447604,0.019161931287312566,43.5948221363503,37789.505782531414,0.00039622819528766943,0.022702203314068834,14.97326787292161,8.02288054934596,30.689499286891895
387,0.7457839774559362,1.053147640487315,0.03690056143863195,4.645975282982735,0.027519847480060075,61.30001249862978,35839.89976553185,0.0017087613604464926,0.09790481414861683,61.24185078311356,15.138785756342415,29.21151987123047
388,0.9330686837667184,0.5494788891803841,0.043396744742888696,6.407787569652521,0.04049214349700741,38.27140398802393,78237.1349429838,0.0002862736479094408,0.01640227181102508,22.39723017507043,-9.561224949949803,11.019810293638459
